<?xml version="1.0" encoding="UTF-8" standalone="yes"?>
	<addon id="plugin.video.phimdata" version="2.2" name="*[COLOR lime][B]PhimData.com[/B][/COLOR]" provider-name="V137">
		<requires>
			<import addon="xbmc.python" version="2.1.0" />
			<import addon="script.module.pil" version="1.1.7" />
			<import addon="script.module.requests" version="2.6.0" />
			<import addon="script.module.urlresolver" version="1.0.0" />
		</requires>
		<extension point="xbmc.python.pluginsource" library="default.py">
			<provides>video</provides>
		</extension>
		<extension point="xbmc.addon.metadata">
			<summary>PhimData.com</summary>
			<description>PhimData.com (Vietnamese)</description>
			<platform>all</platform>
		</extension>
	</addon>