<?xml version="1.0" encoding="UTF-8" standalone="yes"?>
	<addon id="plugin.video.phim14.net" version="2.0.9" name="*[COLOR lime][B]Phim14.net[/B][/COLOR]" provider-name="HackPhone Repo">
		<requires>
			<import addon="xbmc.python" version="2.1.0" />
			<import addon="script.module.xbmcswift2" version="1.3.1" />
			<import addon="plugin.video.youtube" version="4.4.1" />
			<import addon="script.module.requests" version="2.6.0"/>
			<import addon="script.module.t0mm0.common" version="1.1.0"/>
		</requires>
		<extension library="default.py" point="xbmc.python.pluginsource">
			<provides>video</provides>
		</extension>
		<extension point="xbmc.addon.metadata">
			<summary>Phim14.net</summary>
			<description>Phim14.net (Vietnamese)</description>
			<disclaimer lang="vi">Được tài trợ bởi http://shopgps.net - Shop Pro</disclaimer>
			<platform>all</platform>
		</extension>
	</addon>