<?xml version="1.0" encoding="UTF-8" standalone="yes"?>
	<addon id="plugin.video.xemphim73" version="1.1" name="*[COLOR lime][B]XemPhim 73[/B][/COLOR]" provider-name="HackPhone Repo, V137">
		<requires>
			<import addon="xbmc.python" version="2.1.0"/>
			<import addon="script.module.requests" version="2.6.0"/>
			<import addon="script.module.urlresolver" version="1.0.0"/>
			<import addon="script.module.xbmcswift2" version="1.3.1" />
		</requires>
		<extension point="xbmc.python.pluginsource" library="default.py">
			<provides>video</provides>
		</extension>
		<extension point="xbmc.addon.metadata">
			<summary>XemPhim 73</summary>
			<description>XemPhim 73 (Vietnamese)</description>
			<description lang="vi">Xem phim trên XemPhim73.com</description>
			<disclaimer lang="vi">Được tài trợ bởi http://spyphoneapps.com - SpyPhone</disclaimer>
			<website>http://ownspy.spyphoneapps.com</website>
			<platform>all</platform>
		</extension>
	</addon>