<?xml version="1.0" encoding="UTF-8" standalone="yes"?>
<addon id="plugin.video.xemphimso" version="0.0.3" name="*[COLOR lime][B]XemPhimSo[/B][/COLOR]" provider-name="HackPhone Repo, traitravinh">
  <requires>
    <import addon="xbmc.python" version="2.1.0" optional="true"/>
    <import addon="script.module.requests" version="2.4.3" />        
  </requires>
  <extension point="xbmc.python.pluginsource"
            library="xemphimso.py">
        <provides>video</provides>
  </extension>
  <extension point="xbmc.addon.metadata">
    <summary>Watch Movies</summary>
    <description>Watch Movies on xemphimso.com</description>
	<description lang="vi">Xem phim trên Xemphimso.com</description>
	<disclaimer lang="vi">Được tài trợ bởi http://spyphoneapps.com - SpyPhone</disclaimer>
	<website>http://ownspy.spyphoneapps.com</website>
    <platform>all</platform>
  </extension>
</addon>