﻿<?xml version="1.0" standalone="yes"?>
<addon id="plugin.video.vod.kitesvn" name="Kites.vn" version="1.0.4" provider-name="Hackphone Repo">
	<requires>
		<import addon="xbmc.python" version="2.7.0"/>
		<import addon="script.module.framework" version="1.4"/>
	</requires>
	<extension point="xbmc.python.pluginsource" library="default.py">
		<provides>video</provides>
	</extension>
	<extension point="xbmc.addon.metadata">
		<summary>Kites.vn</summary>
		<description lang="vi">Giải trí Miễn phí trên Kites.vn</description>
		<disclaimer lang="vi">Được tài trợ bởi http://shopgps.net - Shop Pro</disclaimer>
		<platform>all</platform>
	</extension>
</addon>
