<?xml version="1.0" encoding="UTF-8" standalone="yes"?>
<addon id="repository.kodidangcapdigital"
		name="*[COLOR red][B]ĐẲNG CẤP DIGITAL Repository[/B][/COLOR]"
		version="1.0.0"
		provider-name="HackPhone Reo, ĐẲNG CẤP DIGITAL">
  <requires>
    <import addon="xbmc.addon" version="12.0.0"/>
  </requires>
	<extension point="xbmc.addon.repository"
		name="DANG CAP DIGITAL Add-on Repository">
		<info compressed="true">http://kodi.tivibox.vn/DC_REPO/addons.xml</info>
		<checksum>http://kodi.tivibox.vn/DC_REPO/addons.xml.md5</checksum>
		<datadir zip="true">http://kodi.tivibox.vn/DC_REPO</datadir>
		<hashes>true</hashes>
	</extension>
	<extension point="xbmc.addon.metadata">
		<summary lang="en">KODI DANG CAP DIGITAL</summary>
		<description lang="en">Download and install add-ons from [COLOR red][B]ĐẲNG CẤP DIGITAL Repository[/B][/COLOR]</description>
		<disclaimer lang="en"></disclaimer>
		<platform>all</platform>
	</extension>
</addon>
