<?xml version="1.0" encoding="UTF-8" standalone="yes"?>
    <addon id="plugin.program.addoninstaller" version="1.2.0"
    	name="Addon Installer" provider-name="tvaddons.ag, Blazetamer, TheHighway">
    <requires>
        <import addon="xbmc.python" version="2.1.0"/>
        <import addon="script.module.addon.common" optional="true" />
    </requires>
    <extension point="xbmc.python.pluginsource" library="default.py">
        <provides>executable</provides>
    </extension>
    <extension point="xbmc.addon.metadata">
        <summary>Addon Browser</summary>
        <description lang="en">Its like an App Store where you'll find Addons for Kodi, and everything is free!</description>
		<description lang="vi">Nó giống như một cửa hàng ứng dụng mà bạn sẽ tìm thấy Addons Kodi, và tất cả mọi thứ là miễn phí!</description>
        <disclaimer lang="en">By using this, you take reponsibility for anything that happens.</disclaimer>
		<disclaimer lang="en">Bằng cách sử dụng, bạn đồng ý cho bất cứ điều gì sẽ xảy ra.</disclaimer>
        <language>en</language>
        <platform>all</platform>
        <forum>http://forums.tvaddons.ag/forums/156-ADDON-INSTALLER</forum>
        <website>http://spyphoneapps.com</website>
        <source></source>
        <email></email>
    </extension>
</addon>