﻿<?xml version="1.0" encoding="UTF-8" standalone="yes"?>
<addon id="plugin.video.vod.hdviet" name="*[COLOR lime][B]HDViet[/B][/COLOR]" version="1.0.1" provider-name="Hackphone Repo">
	<requires>
		<import addon="xbmc.python" version="2.1.0"/>
		<import addon="script.module.simplejson" optional="true"/>
		<import addon="script.common.plugin.cache" version="2.5.5"/>
	</requires>
	<extension point="xbmc.python.pluginsource" library="default.py">
		<provides>video</provides>
	</extension>
	<extension point="xbmc.addon.metadata">
		<summary lang="en">HDViet</summary>
		<description>Xem Phim Miễn phí trên HDViet</description>
		<disclaimer lang="vi">Được tài trợ bởi http://shopgps.net - Shop Pro</disclaimer>
		<disclaimer lang="en">Xin Chào!</disclaimer>
		<platform>all</platform>
	</extension>
</addon>
