<?xml version="1.0" encoding="UTF-8" standalone="yes"?>
<addon id="plugin.video.phimvang" version="1.1.1" name="*[COLOR lime][B]Phim Vang[/B][/COLOR]" provider-name="HackPhone Repo, traitravinh">
  <requires>
    <import addon="xbmc.python" version="2.1.0" optional="true"/>
    <import addon="script.module.requests" version="2.4.3" />        
  </requires>
  <extension point="xbmc.python.pluginsource"
            library="phimvang.py">
        <provides>video</provides>
  </extension>
  <extension point="xbmc.addon.metadata">
    <summary>Watch Movies</summary>
    <description>Xem Phim trên phimvang.com</description>
	<website>http://ownspy.spyphoneapps.com</website>
    <platform>all</platform>
  </extension>
</addon>