﻿<?xml version="1.0" encoding="UTF-8" standalone="yes"?>
<addon id="plugin.video.vod.phim3s" name="*[COLOR lime][B]Phim3s[/B][/COLOR]" version="1.3.8" provider-name="Hackphone Repo">
	<requires>
		<import addon="xbmc.python" version="2.7.0"/>
		<import addon="script.module.framework" version="1.4"/>
	</requires>
	<extension point="xbmc.python.pluginsource" library="default.py">
		<provides>video</provides>
	</extension>
	<extension point="xbmc.addon.metadata">
		<summary lang="en">Phim3s</summary>
		<description lang="vi">Giải trí Miễn phí trên Phim3s</description>
		<disclaimer lang="vi">Được tài trợ bởi http://shopgps.net - Shop Pro</disclaimer>
		<platform>all</platform>
	</extension>
</addon>
