﻿<?xml version="1.0" encoding="UTF-8" standalone="yes"?>
<addon id="plugin.video.vod.zingtv" name="*[COLOR lime][B]Zing TV[/B][/COLOR]" version="1.0.1" provider-name="Hackphone Repo">
	<requires>
		<import addon="xbmc.python" version="2.6.0"/>
		<import addon="script.module.simplejson" optional="true"/>
		<import addon="script.common.plugin.cache" version="2.5.5"/>
	</requires>
	<extension point="xbmc.python.pluginsource" library="default.py">
		<provides>video</provides>
	</extension>
	<extension point="xbmc.addon.metadata">
		<summary lang="en">Zing TV</summary>
		<description lang="vi">Giải trí Miễn phí trên Zing TV</description>
		<disclaimer lang="vi">Được tài trợ bởi http://shopgps.net - Shop Pro</disclaimer>
		<platform>all</platform>
	</extension>
</addon>
