<?xml version="1.0.1" encoding="UTF-8" standalone="yes"?>
<addon id="repository.hackphone" name="Hackphone repository" version="1.0.1" provider-name="Hackphone Repo">
	<extension point="xbmc.addon.repository" name="Hackphone Repository">
		<info compressed="false">http://repokodi.comxa.com/addons.xml</info>
		<checksum>http://repokodi.comxa.com/addons.xml.md5</checksum>
		<datadir zip="true">http://repokodi.comxa.com/repo/</datadir>
	</extension>
	<extension point="xbmc.addon.metadata">
		<summary>HackPhone Repository</summary>
		<description>Download and install addons from Repo Hackphone</description>
		<description lang="vi">Tải về và cài đặt từ kho mã nguồn Repo HackPhone.net</description>
		<disclaimer lang="vi">Repo Hackphone Được biên tập hoặc tổng hợp từ nhiều nguồn trên Intenet. Miễn phí và mãi mãi là Miễn phí. Tại trợ từ http://shopgps.net</disclaimer>
		<platform>all</platform>
	</extension>
</addon>
