<?xml version="1.0" encoding="UTF-8" standalone="yes"?>
<addon id="plugin.video.autostart"
       name="[COLOR red]HACKPHONE[/COLOR] [COLOR blue]LAUNCHER[/COLOR] Autostart"
       version="1.0.3"
       provider-name="HACKPHONE REPO">
	<requires>
		<import addon="xbmc.python" version="2.1.0" />
	</requires>
	<extension point="xbmc.service"
			library="default.py" start="startup">
	</extension>	
    <extension point="xbmc.addon.metadata">
        <platform>all</platform>
        <language>en</language>
		<summary lang="en">[COLOR red]HACKPHONE[/COLOR] [COLOR blue]LAUNCHER[/COLOR] Autostart</summary>
		<description lang="en">Cho phép chạy [COLOR red]HACKPHONE[/COLOR] [COLOR blue]LAUNCHER[/COLOR] Autostart khi khởi động KODI/SPMC/XBMC</description>
    </extension>
</addon>
