﻿<?xml version="1.0" standalone="yes"?>
<addon id="plugin.video.vod.phimmoi" name="*[COLOR lime][B]PhimMoi[/B][/COLOR]" version="1.3.8" provider-name="Hackphone Repo">
	<requires>
		<import addon="xbmc.python" version="2.7.0"/>
		<import addon="script.module.framework" version="1.4"/>
	</requires>
	<extension point="xbmc.python.pluginsource" library="default.py">
		<provides>video</provides>
	</extension>
	<extension point="xbmc.addon.metadata">
		<summary lang="en">PhimMoi</summary>
		<description lang="vi">Giải trí Miễn phí trên PhimMoi</description>
		<disclaimer lang="vi">Được tài trợ bởi http://shopgps.net - Shop Pro</disclaimer>
		<platform>all</platform>
	</extension>
</addon>
